Order Date,Region,Category,Sales,Profit,Quantity,Churned
2024-04-12,South,Electronics,184.44,113.16,3,1
2024-12-14,West,Electronics,84.65,16.61,6,0
2024-09-27,South,Electronics,322.62,86.65,4,0
2024-04-16,East,Electronics,183.94,102.49,6,0
2024-03-12,South,Furniture,1040.74,19.57,3,0
2024-07-07,West,Groceries,479.14,73.49,4,0
2024-01-21,South,Groceries,,21.04,9,0
2024-04-12,South,Clothing,380.95,50.9,5,0
2024-05-01,South,Furniture,370.71,42.3,7,0
2024-08-02,East,Electronics,524.03,-22.08,2,0
2024-11-26,West,Furniture,41.26,62.73,5,1
2024-03-28,East,Clothing,77.01,54.3,9,1
2024-04-09,East,Clothing,119.96,94.37,3,1
2024-12-25,West,Furniture,248.4,68.33,9,0
2024-05-31,West,Furniture,116.51,118.73,6,0
2024-05-10,West,Furniture,603.98,53.21,4,0
2024-05-29,West,Groceries,88.64,46.83,7,0
2024-11-04,West,Electronics,299.42,44.47,8,0
2024-09-14,North,Furniture,313.96,36.81,6,0
2024-12-09,West,Furniture,337.06,-16.23,5,0
2024-10-20,West,Furniture,415.6,43.39,6,0
2024-07-10,North,Clothing,500.57,-12.04,5,1
2024-10-03,West,Clothing,679.38,63.56,8,0
2024-06-09,North,Groceries,184.93,12.8,1,0
2024-11-09,West,Electronics,120.83,23.17,7,0
2024-01-22,West,Groceries,340.06,29.92,2,0
2024-09-09,North,Electronics,335.83,43.85,9,0
2024-08-23,South,Clothing,444.15,50.21,1,1
2024-12-10,East,Clothing,58.28,82.53,6,1
2024-02-18,North,Clothing,426.09,32.67,9,0
2024-02-28,North,Groceries,69.09,64.4,1,1
2024-06-18,West,Furniture,305.26,131.93,4,1
2024-07-06,West,Furniture,180.05,61.32,4,1
2024-09-27,North,Clothing,564.8,44.59,9,1
2024-07-08,North,Furniture,61.86,26.63,5,0
2024-06-23,East,Furniture,285.56,44.17,5,0
2024-02-20,South,Groceries,337.75,23.41,6,0
2024-12-29,West,Electronics,186.09,58.06,1,0
2024-02-24,North,Clothing,285.37,53.11,1,1
2024-08-31,West,Clothing,168.07,-14.87,9,0
2024-11-15,East,Groceries,275.57,49.44,3,0
2024-05-10,North,Groceries,328.04,82.28,4,1
2024-11-02,South,Furniture,161.38,38.03,1,1
2024-05-14,North,Clothing,225.47,30.41,9,1
2024-01-21,North,Electronics,26.71,8.67,8,0
2024-11-24,West,Groceries,179.26,-5.74,2,0
2024-06-15,East,Electronics,79.46,74.94,8,0
2024-09-30,South,Electronics,217.14,44.56,7,0
2024-03-29,North,Clothing,536.25,73.16,6,0
2024-11-11,West,Clothing,599.35,95.94,1,0
2024-01-14,East,Groceries,,77.64,7,1
2024-08-29,West,Clothing,87.18,33.73,7,0
2024-09-21,West,Clothing,79.7,54.35,9,0
2024-12-11,East,Clothing,467.3,31.56,1,0
2024-02-22,West,Electronics,,28.75,2,0
2024-12-05,West,Groceries,,60.28,9,0
2024-04-01,East,Furniture,208.16,25.03,9,1
2024-09-20,East,Electronics,361.22,-16.27,6,0
2024-02-04,South,Clothing,244.44,23.36,6,1
2024-07-24,South,Electronics,413.62,40.79,4,0
2024-03-21,South,Clothing,417.65,95.64,4,1
2024-02-19,West,Clothing,108.09,35.27,5,0
2024-12-25,West,Electronics,317.97,65.36,3,0
2024-01-02,South,Groceries,578.32,44.95,1,0
2024-02-23,North,Clothing,357.74,86.79,1,1
2024-04-15,North,Groceries,329.87,84.71,7,0
2024-09-16,North,Furniture,130.14,85.29,1,0
2024-11-05,West,Clothing,132.23,-2.02,1,1
2024-07-09,South,Groceries,247.24,56.2,3,1
2024-08-05,West,Groceries,146.15,72.77,4,0
2024-02-13,South,Furniture,496.65,61.45,4,0
2024-06-10,South,Groceries,217.97,69.1,2,0
2024-07-20,East,Groceries,139.01,51.75,1,0
2024-09-26,West,Furniture,505.2,27.66,3,0
2024-12-16,West,Clothing,92.39,-0.91,4,1
2024-10-30,West,Groceries,245.35,30.63,3,1
2024-09-27,North,Groceries,154.93,130.34,8,0
2024-08-02,South,Groceries,1063.28,35.43,1,0
2024-09-08,West,Electronics,245.65,-8.78,2,0
2024-07-08,West,Furniture,115.8,71.98,7,1
2024-10-22,North,Electronics,257.36,75.66,4,1
2024-07-31,West,Furniture,216.91,88.62,8,0
2024-07-26,North,Clothing,133.37,64.13,3,1
2024-08-24,North,Clothing,494.55,75.37,6,0
2024-12-03,West,Groceries,391.17,105.21,9,0
2024-02-22,West,Furniture,307.24,27.64,1,0
2024-10-06,East,Clothing,125.05,21.68,1,0
2024-08-04,West,Furniture,790.65,17.16,8,0
2024-09-08,West,Clothing,325.91,42.03,3,0
2024-07-06,North,Electronics,153.74,93.0,5,0
2024-02-10,East,Clothing,525.74,65.84,1,1
2024-06-05,East,Electronics,272.84,64.66,5,0
2024-01-15,North,Clothing,482.82,-4.58,6,0
2024-10-27,West,Groceries,336.05,29.2,8,0
2024-03-05,West,Electronics,955.54,-5.07,3,0
2024-12-10,North,Clothing,98.72,85.14,3,0
2024-11-22,South,Groceries,160.87,97.57,9,0
2024-01-09,South,Electronics,1375.91,73.39,4,0
2024-12-09,East,Groceries,231.75,20.4,4,0
2024-05-08,West,Furniture,89.02,94.46,7,0
2024-05-15,South,Furniture,375.97,42.4,2,0
2024-03-03,West,Electronics,526.39,13.57,8,0
2024-05-18,South,Clothing,229.16,21.07,6,0
2024-03-21,West,Electronics,34.88,37.1,3,0
2024-06-11,West,Groceries,112.9,51.49,9,1
2024-10-15,West,Clothing,53.13,45.16,5,0
2024-09-17,South,Furniture,872.5,7.62,8,0
2024-08-18,North,Clothing,48.37,86.4,7,1
2024-02-10,South,Furniture,154.68,45.48,8,0
2024-01-28,East,Clothing,368.04,28.59,7,0
2024-05-14,West,Clothing,77.32,83.31,3,1
2024-07-19,West,Clothing,336.12,14.5,2,1
2024-11-23,North,Groceries,139.35,1.13,7,1
2024-09-24,West,Groceries,318.09,88.17,3,0
2024-02-02,East,Electronics,197.69,106.74,3,0
2024-02-17,West,Electronics,220.86,36.14,2,0
2024-03-02,East,Furniture,517.33,48.62,4,0
2024-08-03,West,Groceries,86.35,15.6,8,0
2024-10-19,East,Furniture,317.05,50.16,1,0
2024-04-08,South,Electronics,441.18,35.73,1,1
2024-06-20,East,Furniture,78.04,46.94,5,0
2024-12-25,West,Electronics,53.53,62.28,5,0
2024-08-01,South,Groceries,200.87,17.06,1,0
2024-02-04,East,Clothing,302.52,39.15,6,0
2024-08-14,South,Groceries,397.89,-4.11,1,0
2024-04-10,South,Furniture,65.72,39.35,5,0
2024-05-10,North,Furniture,452.53,47.2,9,0
2024-09-13,South,Groceries,569.32,56.87,5,0
2024-01-05,South,Groceries,327.01,57.19,6,1
2024-08-05,South,Electronics,595.26,77.12,8,1
2024-09-11,East,Furniture,191.89,3.81,1,0
2024-12-24,West,Furniture,157.77,5.41,2,0
2024-10-09,West,Groceries,225.5,65.87,9,1
2024-07-25,East,Clothing,98.37,-11.17,3,1
2024-01-15,East,Furniture,152.44,55.5,6,0
2024-12-11,South,Clothing,251.8,14.59,5,0
2024-02-11,South,Groceries,277.97,97.18,2,0
2024-06-27,West,Groceries,348.27,57.51,7,1
2024-03-03,West,Electronics,23.95,43.43,4,1
2024-12-17,South,Furniture,1359.52,86.83,1,0
2024-08-18,West,Clothing,108.75,18.1,4,1
2024-08-28,South,Electronics,,23.8,6,0
2024-02-21,West,Furniture,307.47,12.16,7,1
2024-04-05,East,Electronics,143.98,24.05,7,0
2024-08-09,East,Groceries,371.65,51.83,7,1
2024-08-18,North,Furniture,111.13,64.82,3,0
2024-08-24,South,Electronics,244.07,78.84,6,0
2024-05-22,West,Electronics,873.24,-4.74,8,0
2024-06-19,North,Clothing,172.75,44.84,4,1
2024-01-29,North,Electronics,263.3,16.76,8,1
2024-02-05,West,Furniture,94.09,43.84,2,1
2024-01-13,East,Furniture,403.06,120.02,9,1
2024-06-08,North,Clothing,128.37,58.76,9,0
2024-11-22,East,Furniture,311.95,76.98,8,0
2024-07-05,North,Groceries,499.53,108.82,1,0
2024-08-30,South,Furniture,204.24,83.82,2,0
2024-03-26,South,Furniture,376.0,36.56,6,0
2024-10-10,East,Electronics,325.37,11.73,5,0
2024-03-06,North,Electronics,512.48,49.1,9,0
2024-06-18,West,Furniture,377.41,32.97,5,0
2024-02-14,West,Clothing,592.17,4.26,2,0
2024-03-02,West,Electronics,202.72,57.23,4,0
2024-05-13,North,Clothing,75.2,57.98,9,1
2024-10-10,East,Furniture,47.67,103.07,1,1
2024-01-28,West,Furniture,53.75,39.15,1,1
2024-04-17,South,Groceries,195.71,58.4,7,0
2024-02-13,West,Electronics,284.32,30.04,3,0
2024-12-05,East,Furniture,137.45,76.2,2,1
2024-10-12,North,Groceries,139.69,46.26,9,0
2024-11-26,North,Electronics,171.95,14.82,3,0
2024-05-07,South,Furniture,246.16,49.6,2,0
2024-12-13,South,Furniture,647.35,61.72,8,0
2024-08-18,West,Electronics,37.01,57.66,6,0
2024-07-08,West,Electronics,406.15,81.38,6,0
2024-08-12,North,Electronics,378.82,6.56,7,0
2024-10-09,North,Furniture,204.19,24.72,7,0
2024-04-30,East,Furniture,333.87,69.19,6,0
2024-04-25,East,Groceries,215.18,28.24,4,1
2024-08-20,South,Clothing,373.12,57.21,9,0
2024-09-15,North,Electronics,116.47,-22.59,6,0
2024-12-24,East,Furniture,103.73,131.48,4,1
2024-07-16,North,Furniture,32.45,41.91,3,0
2024-05-16,West,Electronics,334.99,85.82,4,0
2024-11-13,South,Clothing,150.42,39.89,3,0
2024-06-13,West,Electronics,51.42,62.44,2,0
2024-08-12,East,Clothing,105.36,94.76,5,0
2024-11-02,South,Furniture,372.61,84.97,2,1
2024-08-21,West,Clothing,282.38,43.87,6,0
2024-06-20,South,Groceries,108.88,45.94,3,0
2024-05-31,South,Furniture,629.99,80.11,6,0
2024-11-10,West,Groceries,235.73,120.0,9,0
2024-06-08,West,Electronics,352.98,55.77,1,0
2024-04-05,South,Electronics,277.94,108.71,6,0
2024-08-20,South,Electronics,198.95,42.76,9,0
2024-06-28,North,Clothing,336.02,78.56,4,0
2024-04-22,South,Furniture,,83.03,2,0
2024-11-13,North,Electronics,196.14,37.7,4,0
2024-02-21,South,Electronics,424.4,27.59,1,1
2024-09-24,South,Furniture,137.36,84.36,3,0
2024-10-21,East,Electronics,793.83,34.05,9,0
2024-04-22,South,Groceries,121.47,23.17,5,0
2024-04-10,West,Furniture,974.7,29.48,6,0
2024-04-22,West,Furniture,78.75,33.93,3,0
2024-03-21,North,Furniture,187.51,75.7,5,0
2024-07-05,South,Groceries,348.51,65.45,8,1
2024-04-22,North,Furniture,570.02,71.47,6,1
2024-01-02,West,Groceries,714.55,62.64,4,0
2024-05-09,West,Furniture,652.51,32.18,2,0
2024-08-07,West,Clothing,339.17,70.91,9,1
2024-02-23,West,Electronics,128.28,85.47,1,1
2024-12-08,South,Clothing,490.75,67.54,1,1
2024-08-11,West,Electronics,530.54,63.49,4,0
2024-08-12,South,Groceries,313.32,26.99,7,0
2024-05-05,East,Clothing,160.17,56.35,1,0
2024-05-09,West,Furniture,91.68,25.39,9,0
2024-02-22,South,Electronics,136.01,49.28,4,0
2024-06-20,North,Electronics,129.94,0.79,3,0
2024-08-05,West,Clothing,,1.02,1,1
2024-06-08,South,Groceries,507.54,44.27,4,0
2024-07-16,North,Clothing,271.61,33.55,9,1
2024-09-03,East,Groceries,84.74,53.2,6,0
2024-11-19,West,Groceries,410.18,45.96,6,0
2024-07-21,East,Electronics,848.14,50.91,1,0
2024-07-02,South,Clothing,269.14,68.26,2,1
2024-05-02,West,Clothing,139.97,36.1,6,0
2024-09-11,South,Groceries,103.04,43.42,2,0
2024-10-20,East,Clothing,392.77,93.65,3,1
2024-10-06,South,Furniture,699.09,50.09,4,0
2024-11-20,West,Furniture,195.17,44.62,5,0
2024-04-07,South,Clothing,160.21,52.48,9,0
2024-07-16,West,Clothing,264.4,45.16,4,0
2024-08-27,West,Groceries,433.53,28.71,9,0
2024-05-23,West,Furniture,131.18,20.06,3,0
2024-04-06,West,Furniture,,27.1,8,0
2024-07-19,West,Electronics,360.79,76.19,1,0
2024-05-03,West,Groceries,380.59,31.1,9,0
2024-07-05,South,Electronics,94.71,45.35,9,0
2024-11-21,West,Furniture,114.25,71.02,2,0
2024-12-14,West,Groceries,267.27,41.65,4,0
2024-09-15,East,Clothing,413.72,69.0,8,0
2024-05-27,South,Groceries,942.93,3.78,7,0
2024-09-08,South,Clothing,88.67,46.02,1,0
2024-12-11,West,Clothing,301.89,52.37,5,1
2024-05-26,West,Groceries,249.7,50.69,7,0
2024-05-27,West,Clothing,174.32,0.41,4,1
2024-12-17,West,Electronics,550.69,86.09,1,1
2024-07-17,West,Furniture,377.02,24.36,9,0
2024-11-03,West,Clothing,385.01,60.05,5,0
2024-05-07,West,Electronics,83.3,50.24,2,0
2024-02-08,West,Clothing,187.68,80.11,8,1
2024-12-03,South,Furniture,259.91,115.62,2,0
2024-12-25,West,Electronics,284.49,11.29,3,0
2024-05-08,West,Furniture,1095.55,30.53,1,0
2024-09-23,South,Furniture,196.27,55.67,2,1
2024-05-30,North,Electronics,10.52,16.84,7,1
2024-10-24,West,Electronics,262.59,73.47,2,0
2024-04-08,North,Electronics,361.78,75.3,6,0
2024-09-19,South,Groceries,260.6,66.78,3,0
2024-09-08,West,Electronics,4.11,57.1,4,0
2024-05-23,East,Electronics,311.2,91.09,8,1
2024-12-11,East,Electronics,369.86,15.33,3,0
2024-04-21,West,Electronics,74.81,51.96,6,0
2024-02-29,West,Clothing,138.95,27.84,1,0
2024-01-02,North,Groceries,238.06,76.7,7,1
2024-10-30,North,Furniture,155.96,-5.0,8,1
2024-09-10,West,Electronics,178.57,49.16,8,0
2024-05-19,West,Clothing,313.26,60.06,3,1
2024-02-06,West,Clothing,147.05,21.58,1,0
2024-06-08,South,Clothing,,31.21,9,0
2024-01-09,South,Furniture,471.59,50.46,6,0
2024-08-20,West,Electronics,97.43,78.65,9,0
2024-04-08,South,Groceries,211.68,19.01,7,0
2024-05-26,North,Groceries,164.1,24.25,1,1
2024-10-30,West,Clothing,84.88,83.77,1,0
2024-07-26,West,Furniture,461.67,41.81,6,0
2024-05-10,North,Furniture,428.55,26.67,5,0
2024-05-31,East,Furniture,181.58,71.86,9,0
2024-02-23,South,Groceries,,35.35,2,1
2024-04-29,South,Clothing,271.68,80.82,8,0
2024-06-09,West,Electronics,89.92,30.09,5,0
2024-04-25,South,Groceries,102.68,45.21,2,1
2024-03-15,South,Clothing,244.06,78.35,6,0
2024-04-22,West,Clothing,82.83,43.21,8,0
2024-04-13,West,Electronics,242.32,72.68,4,0
2024-12-05,West,Electronics,16.66,48.03,2,0
2024-09-10,West,Electronics,173.36,109.45,5,1
2024-08-14,West,Furniture,309.33,97.06,2,1
2024-04-21,West,Electronics,292.29,10.16,2,0
2024-04-08,West,Clothing,542.87,65.67,6,1
2024-06-01,West,Electronics,89.71,25.51,9,0
2024-12-14,East,Clothing,233.28,55.75,4,0
2024-12-03,South,Groceries,474.23,52.05,6,0
2024-07-12,South,Furniture,307.47,18.34,7,0
2024-11-05,North,Groceries,438.98,81.75,6,0
2024-06-11,South,Groceries,82.99,56.1,8,0
2024-07-26,West,Clothing,262.34,41.46,4,1
2024-06-17,South,Groceries,208.23,36.86,1,0
2024-06-09,South,Clothing,267.85,54.19,7,0
2024-03-08,North,Electronics,124.57,62.24,3,0
2024-10-15,South,Electronics,595.29,46.25,6,0
2024-10-03,West,Clothing,406.23,-34.98,2,0
2024-10-30,West,Electronics,547.92,50.51,9,0
2024-05-14,West,Furniture,308.8,6.76,1,1
2024-07-13,South,Groceries,136.45,43.72,6,0
2024-05-07,South,Furniture,386.96,7.86,6,0
2024-02-02,West,Groceries,599.56,7.51,5,0
2024-06-24,East,Electronics,308.5,87.05,5,0
2024-01-22,South,Furniture,110.18,40.4,1,0
2024-08-25,West,Electronics,153.19,38.1,5,0
2024-06-06,West,Groceries,257.55,64.48,2,0
2024-02-07,West,Clothing,651.09,38.88,7,0
2024-08-17,West,Clothing,785.36,113.11,3,0
2024-12-30,West,Furniture,118.44,41.81,4,0
2024-02-20,West,Electronics,326.21,60.95,3,0
2024-09-20,West,Electronics,151.6,79.13,3,1
2024-10-09,West,Furniture,74.91,98.07,4,0
2024-01-27,East,Clothing,379.83,27.74,5,1
2024-08-13,West,Groceries,279.71,37.46,1,0
2024-10-03,South,Furniture,293.01,88.24,4,1
2024-10-12,South,Groceries,219.47,74.3,8,0
2024-04-06,East,Clothing,313.64,82.26,7,0
2024-10-10,West,Electronics,305.11,8.94,9,0
2024-11-12,West,Clothing,449.8,96.44,5,1
2024-10-30,East,Furniture,123.22,27.16,4,0
2024-05-26,North,Electronics,464.58,55.77,8,0
2024-01-04,North,Furniture,420.9,45.55,9,0
2024-02-04,West,Furniture,,23.65,7,1
2024-07-10,West,Clothing,255.92,7.62,7,0
2024-02-18,South,Furniture,232.17,-2.32,5,1
2024-01-17,East,Clothing,233.73,53.57,4,0
2024-06-20,South,Electronics,255.95,4.24,1,0
2024-08-07,South,Clothing,58.09,15.99,7,0
2024-06-06,West,Electronics,1012.45,43.46,1,1
2024-02-15,North,Clothing,521.44,-29.16,1,0
2024-01-06,West,Groceries,790.4,73.37,5,1
2024-04-08,West,Groceries,391.23,-22.3,9,0
2024-08-20,South,Furniture,147.81,47.68,6,0
2024-02-06,South,Clothing,354.48,50.45,3,0
2024-10-06,West,Clothing,447.19,66.14,3,0
2024-12-14,West,Electronics,110.06,48.75,7,1
2024-10-28,South,Furniture,,110.54,6,1
2024-06-29,West,Clothing,176.74,56.49,9,1
2024-04-04,South,Furniture,416.91,81.61,6,0
2024-04-08,West,Groceries,647.76,28.3,5,0
2024-07-06,South,Clothing,307.79,53.62,7,0
2024-04-25,South,Clothing,650.8,96.43,1,1
2024-07-09,West,Furniture,61.23,42.87,7,0
2024-09-09,West,Clothing,91.13,55.77,3,0
2024-06-09,West,Furniture,122.79,79.43,9,0
2024-09-12,West,Clothing,44.22,27.73,6,0
2024-11-18,East,Electronics,651.67,-14.85,9,1
2024-05-07,West,Furniture,550.77,57.67,5,0
2024-01-18,North,Clothing,154.65,79.66,7,0
2024-10-07,West,Groceries,970.65,9.46,4,0
2024-08-10,North,Clothing,196.95,70.11,7,0
2024-02-23,North,Groceries,811.42,70.31,1,0
2024-02-27,South,Groceries,,-18.2,7,0
2024-11-18,South,Electronics,147.48,21.91,8,1
2024-12-25,South,Furniture,447.02,38.13,5,1
2024-06-22,West,Clothing,534.34,44.61,2,0
2024-10-06,East,Electronics,144.17,27.71,5,0
2024-04-23,North,Clothing,5.72,26.09,6,1
2024-10-14,East,Groceries,439.39,100.14,2,0
2024-12-07,West,Furniture,119.68,46.77,6,0
2024-05-30,North,Clothing,224.71,29.15,6,0
2024-05-06,East,Clothing,288.6,48.76,1,0
2024-06-03,West,Groceries,379.15,66.11,1,0
2024-09-29,West,Clothing,188.23,51.55,3,1
2024-04-13,North,Clothing,304.17,43.83,3,0
2024-10-25,South,Groceries,561.36,30.5,4,0
2024-09-02,North,Electronics,31.21,30.14,2,0
2024-06-24,West,Groceries,64.23,32.07,9,0
2024-02-08,North,Electronics,84.56,60.16,7,0
2024-06-18,West,Furniture,161.09,20.17,7,1
2024-09-03,West,Electronics,431.12,61.8,6,1
2024-01-26,West,Electronics,508.13,92.39,3,0
2024-12-20,North,Furniture,214.12,59.77,6,1
2024-11-01,South,Electronics,214.61,38.91,8,1
2024-01-13,South,Groceries,627.51,11.06,8,1
2024-11-11,West,Electronics,291.98,97.34,9,0
2024-11-08,East,Furniture,,14.9,1,0
2024-02-05,West,Groceries,467.97,75.46,1,0
2024-06-21,North,Furniture,432.98,69.16,3,0
2024-01-20,South,Furniture,334.63,42.9,3,0
2024-11-16,West,Clothing,154.58,42.11,8,0
2024-09-20,South,Clothing,104.59,-5.07,1,1
2024-05-21,West,Furniture,113.94,59.9,2,1
2024-05-22,North,Furniture,120.03,68.6,2,1
2024-04-01,South,Furniture,110.49,17.33,3,0
2024-12-19,West,Clothing,161.34,45.33,6,0
2024-11-17,East,Clothing,247.29,51.14,1,0
2024-10-14,West,Electronics,270.2,67.54,2,0
2024-08-02,South,Electronics,88.71,50.11,1,0
2024-12-07,East,Furniture,300.96,1.21,5,0
2024-02-20,South,Groceries,267.3,34.1,7,0
2024-06-01,West,Groceries,229.38,56.74,8,1
2024-07-04,East,Clothing,150.33,75.25,1,0
2024-03-03,South,Clothing,90.73,31.47,7,0
2024-07-08,West,Clothing,376.67,115.63,5,0
2024-05-04,West,Furniture,265.81,-6.83,1,0
2024-05-29,North,Groceries,323.6,33.09,3,0
2024-11-09,South,Electronics,176.13,47.51,7,0
2024-02-27,South,Furniture,159.07,43.98,1,0
2024-12-07,East,Electronics,503.34,13.04,7,0
2024-10-31,North,Electronics,197.02,63.44,5,0
2024-06-28,West,Furniture,280.67,61.13,1,0
2024-06-18,West,Electronics,234.33,51.44,1,0
2024-11-21,West,Groceries,121.37,59.96,1,1
2024-09-27,North,Electronics,172.84,37.29,9,0
2024-02-23,West,Groceries,,1.48,3,0
2024-04-10,South,Groceries,136.08,28.5,5,0
2024-09-20,North,Groceries,264.56,54.71,9,1
2024-02-22,East,Clothing,144.44,54.88,6,1
2024-02-29,West,Electronics,238.77,51.24,9,0
2024-04-17,North,Furniture,136.3,66.46,8,0
2024-01-05,West,Furniture,163.61,32.57,8,1
2024-04-12,North,Electronics,61.51,50.8,1,0
2024-07-14,West,Clothing,268.85,67.16,9,0
2024-09-18,West,Clothing,186.49,47.45,6,0
2024-12-30,North,Groceries,362.69,12.7,9,1
2024-12-15,West,Electronics,238.36,21.16,3,1
2024-02-16,West,Electronics,132.86,74.93,3,0
2024-12-20,North,Furniture,104.9,91.77,6,0
2024-11-06,North,Electronics,248.96,85.26,9,0
2024-11-03,South,Clothing,598.98,56.96,7,0
2024-05-23,North,Electronics,155.33,13.91,3,1
2024-09-25,South,Furniture,36.65,49.81,3,0
2024-05-03,West,Groceries,290.9,96.87,2,0
2024-04-15,West,Furniture,557.89,68.55,9,0
2024-06-06,West,Furniture,369.01,43.78,3,0
2024-05-26,East,Groceries,80.43,68.86,5,0
2024-05-24,South,Furniture,273.5,11.92,9,0
2024-04-29,South,Furniture,448.72,29.13,8,0
2024-11-14,South,Electronics,175.98,17.47,2,0
2024-10-01,East,Electronics,158.4,64.09,3,0
2024-04-01,West,Groceries,162.84,71.42,2,0
2024-02-27,South,Electronics,213.32,45.39,8,0
2024-12-11,South,Electronics,85.63,23.81,6,1
2024-08-16,South,Furniture,288.95,49.41,6,1
2024-04-26,West,Clothing,299.69,35.4,9,1
2024-11-13,East,Electronics,304.92,26.11,8,0
2024-10-05,East,Clothing,241.38,60.17,4,1
2024-05-06,South,Electronics,83.2,27.26,4,0
2024-05-08,North,Electronics,203.76,3.01,9,0
2024-02-27,East,Groceries,782.73,9.68,1,0
2024-05-01,North,Groceries,295.92,1.9,2,0
2024-01-01,West,Groceries,124.22,57.43,2,0
2024-08-26,South,Clothing,384.2,54.51,6,0
2024-10-16,South,Furniture,788.94,53.02,4,0
2024-04-05,South,Electronics,324.27,67.63,3,0
2024-05-05,North,Electronics,219.32,85.76,3,0
2024-04-27,East,Electronics,597.76,32.23,3,0
2024-02-17,East,Clothing,165.38,62.19,6,0
2024-03-29,South,Groceries,495.71,2.61,8,1
2024-08-24,West,Furniture,155.73,91.36,7,1
2024-09-28,East,Clothing,178.6,12.66,4,0
2024-07-07,North,Groceries,428.94,28.7,4,0
2024-07-10,West,Clothing,580.99,32.07,2,0
2024-03-09,East,Furniture,230.58,4.21,1,1
2024-10-04,North,Groceries,570.21,50.98,9,0
2024-12-14,South,Clothing,329.28,56.42,2,0
2024-09-03,South,Furniture,126.09,44.32,8,0
2024-03-16,West,Electronics,179.94,3.79,9,0
2024-06-02,West,Furniture,365.89,109.5,4,0
2024-05-23,West,Electronics,622.29,66.48,8,1
2024-03-26,North,Clothing,501.81,129.03,9,0
2024-07-03,West,Groceries,506.8,25.85,5,0
2024-10-11,West,Groceries,71.88,78.74,7,1
2024-08-07,West,Clothing,417.94,73.38,4,1
2024-03-09,South,Groceries,402.81,41.28,1,0
2024-02-16,East,Groceries,306.61,92.33,3,0
2024-04-03,West,Electronics,398.28,37.84,5,0
2024-08-25,West,Clothing,43.86,39.17,3,1
2024-07-22,North,Furniture,17.49,-54.14,7,0
2024-08-05,South,Electronics,302.25,62.27,9,1
2024-12-06,West,Clothing,237.91,10.23,6,0
2024-02-08,South,Electronics,209.45,33.48,1,0
2024-04-09,West,Furniture,340.87,19.21,7,0
2024-10-15,West,Furniture,289.9,39.01,3,0
2024-09-10,South,Clothing,316.54,63.32,5,0
2024-08-09,South,Furniture,464.59,50.33,4,0
2024-12-22,East,Electronics,161.24,71.29,5,0
2024-01-23,West,Furniture,321.68,87.97,5,1
2024-09-06,South,Electronics,144.64,38.94,6,0
2024-01-10,South,Electronics,33.8,35.64,6,0
2024-09-02,West,Furniture,196.9,78.73,8,0
2024-11-20,South,Clothing,513.47,81.11,8,0
2024-04-09,West,Groceries,117.24,72.22,9,0
2024-10-16,East,Furniture,342.45,21.43,8,0
2024-06-28,West,Electronics,467.67,62.68,2,1
2024-08-10,South,Electronics,420.86,53.28,1,0
2024-09-06,West,Furniture,144.16,81.58,2,0
2024-05-26,East,Clothing,133.12,32.81,2,0
2024-04-05,South,Clothing,257.05,0.0,3,0
2024-09-13,South,Electronics,304.94,70.71,7,0
2024-11-20,West,Electronics,396.05,-26.75,2,1
2024-01-04,North,Clothing,399.05,28.05,1,1
2024-01-16,West,Groceries,1215.12,19.3,6,0
2024-10-06,East,Furniture,657.87,19.1,9,0
2024-12-01,West,Electronics,187.84,27.53,3,0
